route_id,route_shor,trip_id,trip_heads,trip_short,direction_,agency_id,headway_se,O_TERMINAL,LEN_KM,STD_FARE,route_time_s,buses,standard_buses
CTA_1-1140,1-1140,CTA_1-1140_R,Imbaba,Moneeb-Imbaba,1,CTA,6688.0,Moneeb,24.034205150993305,3.0,11444.859595711097,5.0,4.0
CTA_1-1140,1-1140,CTA_1-1140_O,Moneeb,Imbaba-Moneeb,0,CTA,6688.0,Imbaba,19.926859978845226,3.0,9488.980942307251,4.0,4.0
CTA_1002,1002,CTA_1002_R,Matbaa,Masaken Ain Shams-Matbaa,1,CTA,1644.0,Masaken Ain Shams,41.86095254819283,4.0,19933.78692771087,29.0,26.0
CTA_1002,1002,CTA_1002_O,Masaken Ain Shams,Matbaa-Masaken Ain Shams,0,CTA,1644.0,Matbaa,37.05715665292347,4.0,17646.2650728207,26.0,26.0
CTA_1003,1003,CTA_1003_O,Bulaq Al Dakrur,Cairo Airport-Bulaq Al Dakrur,0,CTA,4270.0,Cairo Airport,41.049287686038745,3.0,19547.27985049464,11.0,11.0
CTA_1003,1003,CTA_1003_R,Cairo Airport,Bulaq Al Dakrur-Cairo Airport,1,CTA,4270.0,Bulaq Al Dakrur,41.50322767501426,3.0,19763.441750006787,11.0,11.0
CTA_1004,1004,CTA_1004_O,Attaba,Isbiko-Attaba,0,CTA,4619.0,Isbiko,32.63417604505374,4.0,15540.08383097797,8.0,8.0
CTA_1004,1004,CTA_1004_R,Isbiko,Attaba-Isbiko,1,CTA,4619.0,Attaba,32.116797926391065,4.0,15293.713298281458,8.0,8.0
CTA_1005,1005,CTA_1005_O,Obour Market,Dawaran Shubra-Obour Market,0,CTA,9649.0,Dawaran Shubra,36.7520114363417,3.0,17500.957826829377,5.0,5.0
CTA_1005,1005,CTA_1005_R,Dawaran Shubra,Obour Market-Dawaran Shubra,1,CTA,9649.0,Obour Market,39.457180657800095,3.0,18789.133646571474,5.0,5.0
CTA_1006,1006,CTA_1006_O,Mazallat,Hadaba Wosta (Moqattam)-Mazallat,0,CTA,6778.0,Hadaba Wosta (Moqattam),33.006095718275176,4.0,15717.188437273891,6.0,6.0
CTA_1006,1006,CTA_1006_R,Hadaba Wosta (Moqattam),Mazallat-Hadaba Wosta (Moqattam),1,CTA,6778.0,Mazallat,30.56749596235119,4.0,14555.950458262472,6.0,6.0
CTA_1007,1007,CTA_1007_R,Abd Al Moneim Riad,Masaken Almaza-Abd Al Moneim Riad,1,CTA,4533.0,Masaken Almaza,17.353348859608005,3.0,8263.499456956193,5.0,5.0
CTA_1007,1007,CTA_1007_O,Masaken Almaza,Abd Al Moneim Riad-Masaken Almaza,0,CTA,4533.0,Abd Al Moneim Riad,17.806463901678885,3.0,8479.268524608993,5.0,5.0
CTA_1008,1008,CTA_1008_R,Saqr Quraish,Masaken Al Wehda-Saqr Quraish,1,CTA,5980.0,Masaken Al Wehda,25.09759726265078,3.0,11951.236791738465,5.0,5.0
CTA_1008,1008,CTA_1008_O,Masaken Al Wehda,Saqr Quraish-Masaken Al Wehda,0,CTA,5980.0,Saqr Quraish,25.37360335780416,3.0,12082.668265621029,5.0,5.0
CTA_1009,1009,CTA_1009_O,Masaken Betcho,Attaba-Masaken Betcho,0,CTA,4396.0,Attaba,27.41659583887097,3.0,13055.521828033794,8.0,8.0
CTA_1009,1009,CTA_1009_R,Attaba,Masaken Betcho-Attaba,1,CTA,4396.0,Masaken Betcho,28.22911980261008,3.0,13442.438001242894,8.0,8.0
CTA_1010,1010,CTA_1010_O,Attaba,1st Settlement (New Cairo)-Attaba,0,CTA,10800.0,1st Settlement (New Cairo),35.97969974813681,4.0,17133.19035625562,4.0,4.0
CTA_1010,1010,CTA_1010_R,1st Settlement (New Cairo),Attaba-1st Settlement (New Cairo),1,CTA,10800.0,Attaba,35.091725116742666,4.0,16710.345293686983,4.0,4.0
CTA_1011,1011,CTA_1011_O,Giza Square,Kilo 4.5-Giza Square,0,CTA,2214.0,Kilo 4.5,26.16292475247457,3.0,12458.535596416461,14.0,14.0
CTA_1011,1011,CTA_1011_R,Kilo 4.5,Giza Square-Kilo 4.5,1,CTA,2214.0,Giza Square,26.568778331319127,3.0,12651.79920539006,14.0,14.0
CTA_1021,1021,CTA_1021_R,8th District (Nasr City),Imbaba-8th District (Nasr City),1,CTA,10800.0,Imbaba,29.487706970419318,3.0,14041.765224009197,4.0,4.0
CTA_1021,1021,CTA_1021_O,Imbaba,8th District (Nasr City)-Imbaba,0,CTA,10800.0,8th District (Nasr City),31.25989135608875,3.0,14885.662550518453,4.0,4.0
CTA_1023,1023,CTA_1023_R,Ahmed Helmy,Badr-Ahmed Helmy,1,CTA,967.0,Badr,63.11190231871721,5.0,30053.286818436765,74.0,74.0
CTA_1023,1023,CTA_1023_O,Badr,Ahmed Helmy-Badr,0,CTA,967.0,Ahmed Helmy,66.60975649855436,5.0,31718.931665978263,78.0,74.0
CTA_1025,1025,CTA_1025_O,15th of May,Abd Al Moneim Riad-15th of May,0,CTA,6687.0,Abd Al Moneim Riad,47.34790147986967,5.0,22546.61975231889,8.0,8.0
CTA_1025,1025,CTA_1025_R,Abd Al Moneim Riad,15th of May-Abd Al Moneim Riad,1,CTA,6687.0,15th of May,47.696618587399854,5.0,22712.675517809454,9.0,8.0
CTA_1026,1026,CTA_1026_R,Abd Al Moneim Riad,Hadaba Wosta (Moqattam)-Abd Al Moneim Riad,1,CTA,11796.0,Hadaba Wosta (Moqattam),23.89807196400001,3.0,11380.034268571433,3.0,3.0
CTA_1026,1026,CTA_1026_O,Hadaba Wosta (Moqattam),Abd Al Moneim Riad-Hadaba Wosta (Moqattam),0,CTA,11796.0,Abd Al Moneim Riad,26.573922651294264,3.0,12654.248881568697,3.0,3.0
CTA_1027,1027,CTA_1027_R,Abd Al Moneim Riad,Isbiko-Abd Al Moneim Riad,1,CTA,4643.0,Isbiko,33.35172443302611,3.0,15881.773539536242,9.0,9.0
CTA_1027,1027,CTA_1027_O,Isbiko,Abd Al Moneim Riad-Isbiko,0,CTA,4643.0,Abd Al Moneim Riad,34.269454858737234,3.0,16318.788027970111,9.0,9.0
CTA_1028,1028,CTA_1028_R,Ibrahim Bek,Giza Square-Ibrahim Bek,1,CTA,8982.0,Giza Square,24.14966464036482,3.0,11499.840304935628,4.0,3.0
CTA_1028,1028,CTA_1028_O,Giza Square,Ibrahim Bek-Giza Square,0,CTA,8982.0,Ibrahim Bek,23.56106262391313,3.0,11219.553630434824,3.0,3.0
CTA_103-1094,103-1094,CTA_103-1094_R,Motseian,Attaba-Motseian,1,CTA,8747.0,Attaba,16.33374205067269,3.0,7777.972405082233,3.0,2.0
CTA_103-1094,103-1094,CTA_103-1094_O,Attaba,Motseian-Attaba,0,CTA,8747.0,Motseian,14.329255531051846,3.0,6823.455014786593,2.0,2.0
CTA_1030,1030,CTA_1030_R,Isbiko,Moassasa-Isbiko,1,CTA,5668.0,Moassasa,34.76923454163841,3.0,16556.77835316115,7.0,7.0
CTA_1030,1030,CTA_1030_O,Moassasa,Isbiko-Moassasa,0,CTA,5668.0,Isbiko,33.74580664257818,3.0,16069.431734561038,7.0,7.0
CTA_1031,1031,CTA_1031_O,Imbaba,Masaken Betcho-Imbaba,0,CTA,2190.0,Masaken Betcho,28.39175095521475,4.0,13519.881407245119,15.0,14.0
CTA_1031,1031,CTA_1031_R,Masaken Betcho,Imbaba-Masaken Betcho,1,CTA,2190.0,Imbaba,27.20311950289567,4.0,12953.86642995032,14.0,14.0
CTA_1045,1045,CTA_1045_R,Abbasseya,Moneeb-Abbasseya,1,CTA,5600.0,Moneeb,21.25971699298772,3.0,10123.674758565581,5.0,4.0
CTA_1045,1045,CTA_1045_O,Moneeb,Abbasseya-Moneeb,0,CTA,5600.0,Abbasseya,18.877776573103816,3.0,8989.41741576372,4.0,4.0
CTA_104S,104S,CTA_104S_R,Attaba,Bashtil-Attaba,1,CTA,2437.0,Bashtil,12.708725539481154,3.0,6051.774066419597,6.0,5.0
CTA_104S,104S,CTA_104S_O,Bashtil,Attaba-Bashtil,0,CTA,2437.0,Attaba,10.514273795974132,3.0,5006.797045701967,5.0,5.0
CTA_1053,1053,CTA_1053_R,7th District (Nasr City),Masaken Al Wehda-7th District (Nasr City),1,CTA,9516.0,Masaken Al Wehda,24.152066831497894,3.0,11500.984205475186,3.0,3.0
CTA_1053,1053,CTA_1053_O,Masaken Al Wehda,7th District (Nasr City)-Masaken Al Wehda,0,CTA,9516.0,7th District (Nasr City),24.859355051557735,3.0,11837.788119789397,3.0,3.0
CTA_1057,1057,CTA_1057_R,Kobry El Qubba,Badr-Kobry El Qubba,1,CTA,1362.0,Badr,73.91607019721606,5.0,35198.12866534098,62.0,62.0
CTA_106-1069,106-1069,CTA_106-1069_R,Attaba,Moneeb-Attaba,1,CTA,2789.0,Moneeb,15.125296521523554,3.0,7202.522153106454,7.0,6.0
CTA_106-1069,106-1069,CTA_106-1069_O,Moneeb,Attaba-Moneeb,0,CTA,2789.0,Attaba,14.753029138145447,3.0,7025.251970545451,6.0,6.0
CTA_1063,1063,CTA_1063_R,Zahraa Ain Shams,Attaba-Zahraa Ain Shams,1,CTA,5440.0,Attaba,17.973297503979193,5.0,8558.713097132948,4.0,4.0
CTA_1063,1063,CTA_1063_O,Attaba,Zahraa Ain Shams-Attaba,0,CTA,5440.0,Zahraa Ain Shams,17.029536408806155,5.0,8109.303051812454,4.0,4.0
CTA_1068,1068,CTA_1068_R,Lebanon Square,Abbasseya-Lebanon Square,1,CTA,3876.0,Abbasseya,16.68752825198663,3.0,7946.442024755538,5.0,5.0
CTA_1068,1068,CTA_1068_O,Abbasseya,Lebanon Square-Abbasseya,0,CTA,3876.0,Lebanon Square,17.100624467691556,3.0,8143.15450842455,5.0,5.0
CTA_1072,1072,CTA_1072_O,Mazallat,Abageyah-Mazallat,0,CTA,6098.0,Abageyah,16.39466937006788,3.0,7806.985414318038,4.0,3.0
CTA_1072,1072,CTA_1072_R,Abageyah,Mazallat-Abageyah,1,CTA,6098.0,Mazallat,15.008270030621981,3.0,7146.795252677133,3.0,3.0
CTA_1073,1073,CTA_1073_R,Amr Ibn El Aas,Moassasa-Amr Ibn El Aas,1,CTA,8309.0,Moassasa,21.201812125657973,3.0,10096.101012218081,3.0,3.0
CTA_1073,1073,CTA_1073_O,Moassasa,Amr Ibn El Aas-Moassasa,0,CTA,8309.0,Amr Ibn El Aas,20.146325927744265,3.0,9593.488537021078,3.0,3.0
CTA_1076,1076,CTA_1076_R,Attaba,Moassaset Al Zakah-Attaba,1,CTA,5386.0,Moassaset Al Zakah,24.347844869015518,3.0,11594.21184238834,6.0,6.0
CTA_1076,1076,CTA_1076_O,Moassaset Al Zakah,Attaba-Moassaset Al Zakah,0,CTA,5386.0,Attaba,25.134222251173714,3.0,11968.677262463672,6.0,6.0
CTA_1081,1081,CTA_1081_O,Isbiko,Abd Al Moneim Riad-Isbiko,0,CTA,5138.0,Abd Al Moneim Riad,37.40585254654477,3.0,17812.310736449894,9.0,8.0
CTA_1081,1081,CTA_1081_R,Abd Al Moneim Riad,Isbiko-Abd Al Moneim Riad,1,CTA,5138.0,Isbiko,35.22928007773001,3.0,16775.84765606191,8.0,8.0
CTA_1085,1085,CTA_1085_R,Hadaba Wosta (Moqattam),Bulaq Al Dakrur-Hadaba Wosta (Moqattam),1,CTA,2455.0,Bulaq Al Dakrur,29.828824093971395,3.0,14204.201949510187,14.0,13.0
CTA_1085,1085,CTA_1085_O,Bulaq Al Dakrur,Hadaba Wosta (Moqattam)-Bulaq Al Dakrur,0,CTA,2455.0,Hadaba Wosta (Moqattam),27.26879702770686,3.0,12985.14144176517,13.0,13.0
CTA_1087,1087,CTA_1087_R,Masaken Sheraton,Abou Wafya-Masaken Sheraton,1,CTA,7653.0,Abou Wafya,28.87091908064945,3.0,13748.056705071167,5.0,5.0
CTA_1087,1087,CTA_1087_O,Abou Wafya,Masaken Sheraton-Abou Wafya,0,CTA,7653.0,Masaken Sheraton,29.81445891842278,3.0,14197.361389725133,5.0,5.0
CTA_1088,1088,CTA_1088_R,15th of May,Abbasseya-15th of May,1,CTA,2039.0,Abbasseya,47.48582214316658,5.0,22612.296258650753,27.0,26.0
CTA_1088,1088,CTA_1088_O,Abbasseya,15th of May-Abbasseya,0,CTA,2039.0,15th of May,46.055294963653004,,21931.092839834764,26.0,26.0
CTA_1089,1089,CTA_1089_O,Madinat Al Solb (Tibeen),Ahmed Helmy-Madinat Al Solb (Tibeen),0,CTA,1588.0,Ahmed Helmy,43.02491077221271,4.0,20488.052748672722,31.0,31.0
CTA_1097,1097,CTA_1097_O,7th District (Nasr City),Lebanon Square-7th District (Nasr City),0,CTA,9848.0,Lebanon Square,25.06094215162967,3.0,11933.78197696651,3.0,3.0
CTA_1097,1097,CTA_1097_R,Lebanon Square,7th District (Nasr City)-Lebanon Square,1,CTA,9848.0,7th District (Nasr City),25.23260438548253,3.0,12015.525897848825,3.0,3.0
CTA_11,11,CTA_11_R,Al Saaa Square,Matareya Square-Al Saaa Square,1,CTA,2516.0,Matareya Square,8.131210852528781,3.0,3872.0051678708483,4.0,4.0
CTA_11,11,CTA_11_O,Matareya Square,Al Saaa Square-Matareya Square,0,CTA,2516.0,Al Saaa Square,8.152311620386234,3.0,3882.053152564873,4.0,4.0
CTA_1101,1101,CTA_1101_R,Abbasseya,Warraq Al Arab-Abbasseya,1,CTA,3759.0,Warraq Al Arab,17.020996029157573,3.0,8105.236204360749,6.0,6.0
CTA_1101,1101,CTA_1101_O,Warraq Al Arab,Abbasseya-Warraq Al Arab,0,CTA,3759.0,Abbasseya,17.401499616666104,3.0,8286.42838888862,6.0,6.0
CTA_1106,1106,CTA_1106_O,Hadaba Wosta (Moqattam),Abbasseya-Hadaba Wosta (Moqattam),0,CTA,3015.0,Abbasseya,28.80392032647066,3.0,13716.152536414598,11.0,10.0
CTA_1106,1106,CTA_1106_R,Abbasseya,Hadaba Wosta (Moqattam)-Abbasseya,1,CTA,3015.0,Hadaba Wosta (Moqattam),25.743814545300268,3.0,12258.959307285842,10.0,10.0
CTA_1108,1108,CTA_1108_O,Giza Square,Hadaba Wosta (Moqattam)-Giza Square,0,CTA,4964.0,Hadaba Wosta (Moqattam),25.22919409331841,3.0,12013.901949199242,6.0,6.0
CTA_1108,1108,CTA_1108_R,Hadaba Wosta (Moqattam),Giza Square-Hadaba Wosta (Moqattam),1,CTA,4964.0,Giza Square,28.12324886696701,3.0,13392.023269984289,7.0,6.0
CTA_1109,1109,CTA_1109_R,Qalaa,Jazirat Mohamed-Qalaa,1,CTA,795.0,Jazirat Mohamed,18.579114381695167,3.0,8847.197324616745,27.0,27.0
CTA_1109,1109,CTA_1109_O,Jazirat Mohamed,Qalaa-Jazirat Mohamed,0,CTA,795.0,Qalaa,19.828324346593124,3.0,9442.059212663391,29.0,27.0
CTA_111,111,CTA_111_R,Amr Ibn El Aas,Jazirat Mohamed-Amr Ibn El Aas,1,CTA,4700.0,Jazirat Mohamed,25.09284463591357,3.0,11948.973636149318,7.0,7.0
CTA_1118,1118,CTA_1118_R,7th District (Nasr City),Tagneed (Hadabet Al Haram)-7th District (Nasr City),1,CTA,10800.0,Tagneed (Hadabet Al Haram),37.30884161702737,4.0,17766.115055727318,4.0,4.0
CTA_1118,1118,CTA_1118_O,Tagneed (Hadabet Al Haram),7th District (Nasr City)-Tagneed (Hadabet Al Haram),0,CTA,10800.0,7th District (Nasr City),37.80738116609968,4.0,18003.514840999847,4.0,4.0
CTA_1122,1122,CTA_1122_O,New Marg,3rd Settlement (New Cairo)-New Marg,0,CTA,1524.0,3rd Settlement (New Cairo),43.93666828944847,5.0,20922.222994975462,33.0,33.0
CTA_1122,1122,CTA_1122_R,3rd Settlement (New Cairo),New Marg-3rd Settlement (New Cairo),1,CTA,1524.0,New Marg,43.50808157274569,5.0,20718.13408225985,33.0,33.0
CTA_1124,1124,CTA_1124_R,New Marg,AUC-New Marg,1,CTA,6053.0,AUC,40.61305051391118,,19339.54786376723,8.0,8.0
CTA_1124,1124,CTA_1124_O,AUC,New Marg-AUC,0,CTA,6053.0,New Marg,48.695597855784385,8.0,23188.379931325897,10.0,8.0
CTA_1128,1128,CTA_1128_R,Asmarrat,Mazallat-Asmarrat,1,CTA,15489.0,Mazallat,36.909270852340576,3.0,17575.84326301932,3.0,3.0
CTA_1128,1128,CTA_1128_O,Mazallat,Asmarrat-Mazallat,0,CTA,15489.0,Asmarrat,35.66010654148244,3.0,16981.00311499164,3.0,3.0
CTA_1138,1138,CTA_1138_O,Mazallat,Cairo Airport-Mazallat,0,CTA,2961.0,Cairo Airport,27.40477561214035,3.0,13049.893148638263,11.0,11.0
CTA_1138,1138,CTA_1138_R,Cairo Airport,Mazallat-Cairo Airport,1,CTA,2961.0,Mazallat,27.991048374101663,3.0,13329.070654334124,11.0,11.0
CTA_114-1060,114-1060,CTA_114-1060_O,Al Sayeda Nafeesa,Abou Wafya-Al Sayeda Nafeesa,0,CTA,7633.0,Abou Wafya,18.9948233560206,3.0,9045.153979057428,3.0,3.0
CTA_114-1060,114-1060,CTA_114-1060_R,Abou Wafya,Al Sayeda Nafeesa-Abou Wafya,1,CTA,7633.0,Al Sayeda Nafeesa,18.3196566019754,3.0,8723.646000940666,3.0,3.0
CTA_1142,1142,CTA_1142_R,Asmarrat,Athar Al Naby-Asmarrat,1,CTA,3154.0,Athar Al Naby,31.403700238668176,3.0,14954.142970794368,12.0,11.0
CTA_1142,1142,CTA_1142_O,Athar Al Naby,Asmarrat-Athar Al Naby,0,CTA,3154.0,Asmarrat,29.146276866348444,3.0,13879.179460165926,11.0,11.0
CTA_1143,1143,CTA_1143_O,Ibrahim Bek,Mamaleek (Manial)-Ibrahim Bek,0,CTA,2989.0,Mamaleek (Manial),20.968180901936975,3.0,9984.848048541417,8.0,8.0
CTA_1143,1143,CTA_1143_R,Mamaleek (Manial),Ibrahim Bek-Mamaleek (Manial),1,CTA,2989.0,Ibrahim Bek,19.321046385087506,3.0,9200.498278613097,8.0,8.0
CTA_1144,1144,CTA_1144_R,Abageyah,Ibrahim Bek-Abageyah,1,CTA,6958.0,Ibrahim Bek,18.67394510193461,3.0,8892.354810445051,4.0,4.0
CTA_1144,1144,CTA_1144_O,Ibrahim Bek,Abageyah-Ibrahim Bek,0,CTA,6958.0,Abageyah,19.911612143370284,3.0,9481.720068271563,4.0,4.0
CTA_1145,1145,CTA_1145_R,Tagneed (Hadabet Al Haram),Mazallat-Tagneed (Hadabet Al Haram),1,CTA,6965.0,Mazallat,29.609756714041943,3.0,14099.884149543781,5.0,5.0
CTA_1145,1145,CTA_1145_O,Mazallat,Tagneed (Hadabet Al Haram)-Mazallat,0,CTA,6965.0,Tagneed (Hadabet Al Haram),35.707466631059646,3.0,17003.55553859983,6.0,5.0
CTA_1146,1146,CTA_1146_R,Masaken Sheraton,Ibrahim Bek-Masaken Sheraton,1,CTA,5358.0,Ibrahim Bek,19.378387446889736,3.0,9227.80354613797,5.0,5.0
CTA_1146,1146,CTA_1146_O,Ibrahim Bek,Masaken Sheraton-Ibrahim Bek,0,CTA,5358.0,Masaken Sheraton,19.47050061353772,3.0,9271.666958827485,5.0,5.0
CTA_1150,1150,CTA_1150_R,15th of May,Giza Square-15th of May,1,CTA,6099.0,Giza Square,45.92391640628002,5.0,21868.531622038103,9.0,9.0
CTA_1150,1150,CTA_1150_O,Giza Square,15th of May-Giza Square,0,CTA,6099.0,15th of May,45.032418756224956,5.0,21444.008931535693,9.0,9.0
CTA_1151,1151,CTA_1151_O,Asmarrat,Abd Al Moneim Riad-Asmarrat,0,CTA,7307.0,Abd Al Moneim Riad,30.900759303957898,3.0,14714.647287598998,5.0,5.0
CTA_1151,1151,CTA_1151_R,Abd Al Moneim Riad,Asmarrat-Abd Al Moneim Riad,1,CTA,7307.0,Asmarrat,27.568053105376464,3.0,13127.644335893554,5.0,5.0
CTA_1153,1153,CTA_1153_R,Abd Al Moneim Riad,Helwan Public Club-Abd Al Moneim Riad,1,CTA,7350.0,Helwan Public Club,33.90073698813839,3.0,16143.20808958971,6.0,6.0
CTA_1153,1153,CTA_1153_O,Helwan Public Club,Abd Al Moneim Riad-Helwan Public Club,0,CTA,7350.0,Abd Al Moneim Riad,33.983366644413124,3.0,16182.55554495863,6.0,6.0
CTA_12,12,CTA_12_R,Abageyah,Giza Square-Abageyah,1,CTA,1546.0,Giza Square,10.472491196684084,3.0,4986.900569849564,8.0,8.0
CTA_122-1059,122-1059,CTA_122-1059_R,Masaken Zainhom,Amiriya-Masaken Zainhom,1,CTA,1972.0,Amiriya,15.900708586796414,3.0,7571.765993712578,10.0,9.0
CTA_122-1059,122-1059,CTA_122-1059_O,Amiriya,Masaken Zainhom-Amiriya,0,CTA,1972.0,Masaken Zainhom,14.96772673852654,3.0,7127.488923107876,9.0,9.0
CTA_124,124,CTA_124_O,Moneeb,Abd Al Moneim Riad-Moneeb,0,CTA,1893.0,Abd Al Moneim Riad,11.689490570257012,3.0,5566.424081074768,7.0,7.0
CTA_124,124,CTA_124_R,Abd Al Moneim Riad,Moneeb-Abd Al Moneim Riad,1,CTA,1893.0,Moneeb,13.478161022332964,3.0,6418.17191539665,9.0,7.0
CTA_134,134,CTA_134_R,Amr Ibn El Aas,Mazallat-Amr Ibn El Aas,1,CTA,7939.0,Mazallat,18.323099276016215,3.0,8725.285369531532,3.0,3.0
CTA_134,134,CTA_134_O,Mazallat,Amr Ibn El Aas-Mazallat,0,CTA,7939.0,Amr Ibn El Aas,16.695030679372014,3.0,7950.014609224769,3.0,3.0
CTA_15,15,CTA_15_O,Saft Al Laban,Abd Al Moneim Riad-Saft Al Laban,0,CTA,3633.0,Abd Al Moneim Riad,12.45895253607593,3.0,5932.834540988538,4.0,4.0
CTA_15,15,CTA_15_R,Abd Al Moneim Riad,Saft Al Laban-Abd Al Moneim Riad,1,CTA,3633.0,Saft Al Laban,11.74268156214409,3.0,5591.7531248305195,4.0,4.0
CTA_154,154,CTA_154_R,Abd Al Moneim Riad,Basateen-Abd Al Moneim Riad,1,CTA,3277.0,Basateen,13.333433537230803,3.0,6349.254065348001,5.0,5.0
CTA_154,154,CTA_154_O,Basateen,Abd Al Moneim Riad-Basateen,0,CTA,3277.0,Abd Al Moneim Riad,13.263424509682856,3.0,6315.916433182312,5.0,5.0
CTA_16,16,CTA_16_O,Masaken Al Wehda,Lebanon Square-Masaken Al Wehda,0,CTA,2378.0,Lebanon Square,20.422313855822534,3.0,9724.911359915492,10.0,10.0
CTA_16,16,CTA_16_R,Lebanon Square,Masaken Al Wehda-Lebanon Square,1,CTA,2378.0,Masaken Al Wehda,19.32885837042372,3.0,9204.218271630343,10.0,10.0
CTA_160,160,CTA_160_R,Abd Al Moneim Riad,Saqr Quraish-Abd Al Moneim Riad,1,CTA,8117.0,Saqr Quraish,16.120656389516434,3.0,7676.503042626873,3.0,3.0
CTA_160,160,CTA_160_O,Saqr Quraish,Abd Al Moneim Riad-Saqr Quraish,0,CTA,8117.0,Abd Al Moneim Riad,15.82354808981007,3.0,7535.022899909556,3.0,3.0
CTA_166,166,CTA_166_O,Attaba,Bulaq Al Dakrur-Attaba,0,CTA,3114.0,Bulaq Al Dakrur,9.545311456663644,3.0,4545.386407935068,4.0,4.0
CTA_166,166,CTA_166_R,Bulaq Al Dakrur,Attaba-Bulaq Al Dakrur,1,CTA,3114.0,Attaba,8.941131693120555,3.0,4257.681758628835,4.0,4.0
CTA_17-17G-923,17-17G-923,CTA_17-17G-923_O,Moneeb,Basateen-Moneeb,0,CTA,1921.0,Basateen,20.380368502813567,3.0,9704.937382292173,12.0,12.0
CTA_17-17G-923,17-17G-923,CTA_17-17G-923_R,Basateen,Moneeb-Basateen,1,CTA,1921.0,Moneeb,22.589030184550268,3.0,10756.681040262032,14.0,12.0
CTA_170,170,CTA_170_O,Mamaleek (Manial),Abou Wafya-Mamaleek (Manial),0,CTA,2555.0,Abou Wafya,13.422486017245047,3.0,6391.660008211928,6.0,6.0
CTA_170,170,CTA_170_R,Abou Wafya,Mamaleek (Manial)-Abou Wafya,1,CTA,2555.0,Mamaleek (Manial),14.065434969471298,3.0,6697.826175938713,7.0,6.0
CTA_173SS,173SS,CTA_173SS_R,Lebanon Square,Ahmed Helmy-Lebanon Square,1,CTA,3055.0,Ahmed Helmy,11.402090028758796,3.0,5429.566680361331,5.0,5.0
CTA_173SS,173SS,CTA_173SS_O,Ahmed Helmy,Lebanon Square-Ahmed Helmy,0,CTA,3055.0,Lebanon Square,10.989451649427394,3.0,5233.072214013045,5.0,5.0
CTA_175-1125,175-1125,CTA_175-1125_O,Warraq Al Arab,Abbasseya-Warraq Al Arab,0,CTA,922.0,Abbasseya,18.538699833272762,3.0,8827.952301558458,23.0,23.0
CTA_175-1125,175-1125,CTA_175-1125_R,Abbasseya,Warraq Al Arab-Abbasseya,1,CTA,922.0,Warraq Al Arab,18.542806163640325,3.0,8829.907696971582,23.0,23.0
CTA_186,186,CTA_186_O,Bulaq Al Dakrur,Darassa-Bulaq Al Dakrur,0,CTA,5076.0,Darassa,13.50265759271651,3.0,6429.8369489126235,3.0,3.0
CTA_186,186,CTA_186_R,Darassa,Bulaq Al Dakrur-Darassa,1,CTA,5076.0,Bulaq Al Dakrur,13.201048689419133,3.0,6286.213661628158,3.0,3.0
CTA_190-1117,190-1117,CTA_190-1117_O,Imbaba,Darassa-Imbaba,0,CTA,5663.0,Darassa,18.532870124393746,3.0,8825.176249711307,4.0,4.0
CTA_190-1117,190-1117,CTA_190-1117_R,Darassa,Imbaba-Darassa,1,CTA,5663.0,Imbaba,15.3887955445682,3.0,7327.997878365809,4.0,4.0
CTA_2,2,CTA_2_O,Qism El Hadayek,AUC-Qism El Hadayek,0,CTA,3654.0,AUC,34.29759781253022,7.0,16332.189434538199,11.0,11.0
CTA_2,2,CTA_2_R,AUC,Qism El Hadayek-AUC,1,CTA,3654.0,Qism El Hadayek,38.48873734805281,7.0,18327.970165739433,12.0,11.0
CTA_20,20,CTA_20_R,Abageyah,Imbaba-Abageyah,1,CTA,3777.0,Imbaba,15.779839039509405,3.0,7514.20906643305,5.0,5.0
CTA_20,20,CTA_20_O,Imbaba,Abageyah-Imbaba,0,CTA,3777.0,Abageyah,17.728403179816176,3.0,8442.096752293417,6.0,5.0
CTA_2001,2001,CTA_2001_O,Moassasa,Abou Al Houl-Moassasa,0,CTA,2026.0,Abou Al Houl,26.829866572147974,5.0,12776.126939118083,15.0,15.0
CTA_2001,2001,CTA_2001_R,Abou Al Houl,Moassasa-Abou Al Houl,1,CTA,2026.0,Moassasa,30.80743457044015,5.0,14670.206938304833,18.0,15.0
CTA_2002,2002,CTA_2002_O,Moassasa,Tagneed (Hadabet Al Haram)-Moassasa,0,CTA,7673.0,Tagneed (Hadabet Al Haram),36.98317164833494,5.0,17611.03411825473,6.0,5.0
CTA_2002,2002,CTA_2002_R,Tagneed (Hadabet Al Haram),Moassasa-Tagneed (Hadabet Al Haram),1,CTA,7673.0,Moassasa,31.118114267488426,5.0,14818.149651184964,5.0,5.0
CTA_203,203,CTA_203_R,Bulaq Al Dakrur,Om Bayoumi-Bulaq Al Dakrur,1,CTA,7810.0,Om Bayoumi,19.64273834719865,3.0,9353.684927237453,3.0,3.0
CTA_203,203,CTA_203_O,Om Bayoumi,Bulaq Al Dakrur-Om Bayoumi,0,CTA,7810.0,Bulaq Al Dakrur,20.840122886900208,3.0,9923.86804138105,4.0,3.0
CTA_204,204,CTA_204_R,Abbasseya,Khosous-Abbasseya,1,CTA,3913.0,Khosous,22.204182003599552,3.0,10573.420001714072,7.0,6.0
CTA_204,204,CTA_204_O,Khosous,Abbasseya-Khosous,0,CTA,3913.0,Abbasseya,18.661706422514207,3.0,8886.526867863908,6.0,6.0
CTA_208,208,CTA_208_R,Abbasseya,Moassasa-Abbasseya,1,CTA,4989.0,Moassasa,16.60378959020413,3.0,7906.566471525776,4.0,4.0
CTA_208,208,CTA_208_O,Moassasa,Abbasseya-Moassasa,0,CTA,4989.0,Abbasseya,19.261047222473774,3.0,9171.927248797036,5.0,4.0
CTA_211,211,CTA_211_O,Qalyoub,Abd Al Moneim Riad-Qalyoub,0,CTA,3542.0,Abd Al Moneim Riad,20.984927526148144,3.0,9992.822631499117,7.0,7.0
CTA_211,211,CTA_211_R,Abd Al Moneim Riad,Qalyoub-Abd Al Moneim Riad,1,CTA,3542.0,Qalyoub,20.944650899879807,3.0,9973.643285657052,7.0,7.0
CTA_235,235,CTA_235_O,Moassasa,Qalaa-Moassasa,0,CTA,3741.0,Qalaa,17.624238416760868,3.0,8392.494484171842,6.0,5.0
CTA_235,235,CTA_235_R,Qalaa,Moassasa-Qalaa,1,CTA,3741.0,Moassasa,15.133299758813633,3.0,7206.333218482682,5.0,5.0
CTA_24,24,CTA_24_O,Moassasa,Attaba-Moassasa,0,CTA,5926.0,Attaba,11.497231616434732,3.0,5474.872198302253,3.0,2.0
CTA_24,24,CTA_24_R,Attaba,Moassasa-Attaba,1,CTA,5926.0,Moassasa,10.184810178131269,3.0,4849.909608633938,2.0,2.0
CTA_24S,24S,CTA_24S_O,Ibrahim Bek,Abd Al Moneim Riad-Ibrahim Bek,0,CTA,2004.0,Abd Al Moneim Riad,14.26631847517383,3.0,6793.484988178014,9.0,8.0
CTA_24S,24S,CTA_24S_R,Abd Al Moneim Riad,Ibrahim Bek-Abd Al Moneim Riad,1,CTA,2004.0,Ibrahim Bek,13.300493311898375,3.0,6333.568243761131,8.0,8.0
CTA_24T,24T,CTA_24T_O,7th District (Nasr City),Darassa-7th District (Nasr City),0,CTA,1382.0,Darassa,13.410983042806196,3.0,6386.182401336284,11.0,11.0
CTA_24T,24T,CTA_24T_R,Darassa,7th District (Nasr City)-Darassa,1,CTA,1382.0,7th District (Nasr City),14.907258649908915,3.0,7098.694595194722,13.0,11.0
CTA_250,250,CTA_250_O,Attaba,Warraq Al Arab-Attaba,0,CTA,3520.0,Warraq Al Arab,12.870087041858842,3.0,6128.612877075639,5.0,4.0
CTA_250,250,CTA_250_R,Warraq Al Arab,Attaba-Warraq Al Arab,1,CTA,3520.0,Attaba,9.993059833251301,3.0,4758.599920595858,4.0,4.0
CTA_26T,26T,CTA_26T_R,Amr Ibn El Aas,Abbasseya-Amr Ibn El Aas,1,CTA,4830.0,Abbasseya,15.271844453248498,3.0,7272.306882499284,4.0,4.0
CTA_26T,26T,CTA_26T_O,Abbasseya,Amr Ibn El Aas-Abbasseya,0,CTA,4830.0,Amr Ibn El Aas,12.98071038057734,3.0,6181.2906574177805,4.0,4.0
CTA_28,28,CTA_28_R,Abd Al Moneim Riad,Om Bayoumi-Abd Al Moneim Riad,1,CTA,3942.0,Om Bayoumi,13.597966845387022,3.0,6475.2223073271525,4.0,4.0
CTA_28,28,CTA_28_O,Om Bayoumi,Abd Al Moneim Riad-Om Bayoumi,0,CTA,3942.0,Abd Al Moneim Riad,14.726715913629361,3.0,7012.721863633029,5.0,4.0
CTA_290,290,CTA_290_O,Massalah Al Gadeeda (Matareya),Ahmed Helmy-Massalah Al Gadeeda (Matareya),0,CTA,1363.0,Ahmed Helmy,14.998938362785694,3.0,7142.351601326521,13.0,12.0
CTA_290,290,CTA_290_R,Ahmed Helmy,Massalah Al Gadeeda (Matareya)-Ahmed Helmy,1,CTA,1363.0,Massalah Al Gadeeda (Matareya),14.020589613628225,3.0,6676.471244584868,12.0,12.0
CTA_30,30,CTA_30_R,Gesr El Suez (Garage),Awwel Al Eshreen (Zenin)-Gesr El Suez (Garage),1,CTA,9886.0,Awwel Al Eshreen (Zenin),27.436598356651373,4.0,13065.046836500655,4.0,4.0
CTA_305-1104,305-1104,CTA_305-1104_R,Ahmed Helmy,Mazlaqan Ain Shams-Ahmed Helmy,1,CTA,6736.0,Mazlaqan Ain Shams,19.880620213869527,3.0,9466.962006604535,4.0,4.0
CTA_305-1104,305-1104,CTA_305-1104_O,Mazlaqan Ain Shams,Ahmed Helmy-Mazlaqan Ain Shams,0,CTA,6736.0,Ahmed Helmy,19.760122010140975,3.0,9409.58190959094,4.0,4.0
CTA_306,306,CTA_306_R,Amiriya,Giza Square-Amiriya,1,CTA,629.0,Giza Square,20.063382825198797,3.0,9553.991821523237,36.0,36.0
CTA_306,306,CTA_306_O,Giza Square,Amiriya-Giza Square,0,CTA,629.0,Amiriya,19.850062921256626,3.0,9452.410914884107,36.0,36.0
CTA_317,317,CTA_317_R,Badr,10th of Ramadan Station (Asher Men Ramadan)-Badr,1,CTA,4734.0,10th of Ramadan Station (Asher Men Ramadan),52.36540989910865,3.0,24935.909475766024,13.0,13.0
CTA_317,317,CTA_317_O,10th of Ramadan Station (Asher Men Ramadan),Badr-10th of Ramadan Station (Asher Men Ramadan),0,CTA,4734.0,Badr,52.8711204217387,3.0,25176.72401035176,13.0,13.0
CTA_318,318,CTA_318_R,Gesr El Suez (Garage),Cairo Airport-Gesr El Suez (Garage),1,CTA,1417.0,Cairo Airport,7.697553362716794,3.0,3665.501601293711,7.0,7.0
CTA_318,318,CTA_318_O,Cairo Airport,Gesr El Suez (Garage)-Cairo Airport,0,CTA,1417.0,Gesr El Suez (Garage),9.358872555705279,3.0,4456.605978907275,8.0,7.0
CTA_31S,31S,CTA_31S_O,Giza Square,Al Zawya Al Hamra-Giza Square,0,CTA,4126.0,Al Zawya Al Hamra,16.59830024526772,3.0,7903.952497746532,5.0,5.0
CTA_31S,31S,CTA_31S_R,Al Zawya Al Hamra,Giza Square-Al Zawya Al Hamra,1,CTA,4126.0,Giza Square,18.545862758768536,3.0,8831.363218461207,6.0,5.0
CTA_321,321,CTA_321_R,New Marg,Khanka-New Marg,1,CTA,2610.0,Khanka,11.843309512583062,3.0,5639.671196468124,6.0,6.0
CTA_321,321,CTA_321_O,Khanka,New Marg-Khanka,0,CTA,2610.0,New Marg,11.96635205891449,3.0,5698.262885197376,6.0,6.0
CTA_323,323,CTA_323_O,10th of Ramadan Station (Asher Men Ramadan),Abd Al Moneim Riad-10th of Ramadan Station (Asher Men Ramadan),0,CTA,4076.0,Abd Al Moneim Riad,29.287774130907213,3.0,13946.559109955815,9.0,8.0
CTA_323,323,CTA_323_R,Abd Al Moneim Riad,10th of Ramadan Station (Asher Men Ramadan)-Abd Al Moneim Riad,1,CTA,4076.0,10th of Ramadan Station (Asher Men Ramadan),27.786021989586832,3.0,13231.439042660395,8.0,8.0
CTA_342,342,CTA_342_O,Al Magzar (Mariouteya),Qalaa-Al Magzar (Mariouteya),0,CTA,1426.0,Qalaa,22.451595224305848,3.0,10691.235821098024,18.0,16.0
CTA_342,342,CTA_342_R,Qalaa,Al Magzar (Mariouteya)-Qalaa,1,CTA,1426.0,Al Magzar (Mariouteya),19.730548157798342,3.0,9395.499122761114,16.0,16.0
CTA_35,35,CTA_35_R,Abd Al Moneim Riad,Hegaz Square-Abd Al Moneim Riad,1,CTA,1526.0,Hegaz Square,17.42401464121568,3.0,8297.149829150325,13.0,13.0
CTA_35,35,CTA_35_O,Hegaz Square,Abd Al Moneim Riad-Hegaz Square,0,CTA,1526.0,Abd Al Moneim Riad,17.508823983908254,3.0,8337.5352304325,13.0,13.0
CTA_357-1095,357-1095,CTA_357-1095_O,Mena House,Hegaz Square-Mena House,0,CTA,8337.0,Hegaz Square,35.832906479470665,4.0,17063.288799747934,5.0,5.0
CTA_357-1095,357-1095,CTA_357-1095_R,Hegaz Square,Mena House-Hegaz Square,1,CTA,8337.0,Mena House,33.94979999022784,4.0,16166.571423918018,5.0,5.0
CTA_35S,35S,CTA_35S_R,Abd Al Moneim Riad,Masaken Helmeyet Al Zaitoun-Abd Al Moneim Riad,1,CTA,2424.0,Masaken Helmeyet Al Zaitoun,20.539949520065235,3.0,9780.928342888206,10.0,10.0
CTA_35S,35S,CTA_35S_O,Masaken Helmeyet Al Zaitoun,Abd Al Moneim Riad-Masaken Helmeyet Al Zaitoun,0,CTA,2424.0,Abd Al Moneim Riad,21.87873888881398,3.0,10418.447089911419,11.0,10.0
CTA_366-1054,366-1054,CTA_366-1054_R,Ahmed Helmy,Cairo Airport-Ahmed Helmy,1,CTA,4213.0,Cairo Airport,31.761625477123037,3.0,15124.58356053478,9.0,9.0
CTA_366-1054,366-1054,CTA_366-1054_O,Cairo Airport,Ahmed Helmy-Cairo Airport,0,CTA,4213.0,Ahmed Helmy,30.53223355273345,3.0,14539.158834634976,9.0,9.0
CTA_38x,38x,CTA_38x_O,Amiriya,Abd Al Moneim Riad-Amiriya,0,CTA,5754.0,Abd Al Moneim Riad,12.871594397049137,3.0,6129.330665261494,3.0,3.0
CTA_3G,3G,CTA_3G_O,Koleyet Al Banat (Azhar University),Darassa-Koleyet Al Banat (Azhar University),0,CTA,4792.0,Darassa,10.575491576409698,3.0,5035.948369718903,3.0,3.0
CTA_3G,3G,CTA_3G_R,Darassa,Koleyet Al Banat (Azhar University)-Darassa,1,CTA,4792.0,Koleyet Al Banat (Azhar University),11.7571904908049,3.0,5598.662138478524,3.0,3.0
CTA_400-1036,400-1036,CTA_400-1036_O,Cairo Airport,Abd Al Moneim Riad-Cairo Airport,0,CTA,8208.0,Abd Al Moneim Riad,25.93520836949329,3.0,12350.099223568232,4.0,4.0
CTA_400-1036,400-1036,CTA_400-1036_R,Abd Al Moneim Riad,Cairo Airport-Abd Al Moneim Riad,1,CTA,8208.0,Cairo Airport,24.939536738932052,3.0,11875.969875681929,4.0,4.0
CTA_406,406,CTA_406_O,Matbaa,Ahmed Helmy-Matbaa,0,CTA,10586.0,Ahmed Helmy,22.74478479565193,3.0,10830.849902691396,3.0,3.0
CTA_406,406,CTA_406_R,Ahmed Helmy,Matbaa-Ahmed Helmy,1,CTA,10586.0,Matbaa,22.114590329522095,3.0,10530.757299772426,3.0,3.0
CTA_407,407,CTA_407_R,Ahmed Helmy,Asmarrat-Ahmed Helmy,1,CTA,5091.0,Asmarrat,25.98560807798352,3.0,12374.099084754058,6.0,6.0
CTA_407,407,CTA_407_O,Asmarrat,Ahmed Helmy-Asmarrat,0,CTA,5091.0,Ahmed Helmy,33.78917386768903,3.0,16090.082794137634,8.0,6.0
CTA_41,41,CTA_41_R,Massalah Al Gadeeda (Matareya),Attaba-Massalah Al Gadeeda (Matareya),1,CTA,9562.0,Attaba,18.40817340729013,3.0,8765.796860614346,3.0,3.0
CTA_41x,41x,CTA_41x_O,Masaken Othman (Ezbet El Nakhl),Attaba-Masaken Othman (Ezbet El Nakhl),0,CTA,1324.0,Attaba,19.13659043108561,3.0,9112.662110040768,17.0,17.0
CTA_43,43,CTA_43_O,Bus Stop 43 (Matareya),Attaba-Bus Stop 43 (Matareya),0,CTA,4297.0,Attaba,18.99925853612703,3.0,9047.2659695843,5.0,5.0
CTA_43,43,CTA_43_R,Attaba,Bus Stop 43 (Matareya)-Attaba,1,CTA,4297.0,Bus Stop 43 (Matareya),15.850274277121164,3.0,7547.749655771982,5.0,5.0
CTA_430,430,CTA_430_R,Matbaa,Abbasseya-Matbaa,1,CTA,4840.0,Abbasseya,20.04910953487237,3.0,9547.195016605889,5.0,5.0
CTA_430,430,CTA_430_O,Abbasseya,Matbaa-Abbasseya,0,CTA,4840.0,Matbaa,19.133127272853233,3.0,9111.012987072969,5.0,5.0
CTA_440,440,CTA_440_O,Madinat Al Solb (Tibeen),15th of May-Madinat Al Solb (Tibeen),0,CTA,6940.0,15th of May,28.546479244852506,3.0,13593.56154516786,5.0,5.0
CTA_44S-1042,44S-1042,CTA_44S-1042_O,Zahraa Ain Shams,Abd Al Moneim Riad-Zahraa Ain Shams,0,CTA,3683.0,Abd Al Moneim Riad,18.848464238377797,3.0,8975.459161132285,6.0,6.0
CTA_44S-1042,44S-1042,CTA_44S-1042_R,Abd Al Moneim Riad,Zahraa Ain Shams-Abd Al Moneim Riad,1,CTA,3683.0,Zahraa Ain Shams,18.470763373378826,3.0,8795.60160637087,6.0,6.0
CTA_501,501,CTA_501_O,Gesr El Suez (Garage),Amr Ibn El Aas-Gesr El Suez (Garage),0,CTA,10800.0,Amr Ibn El Aas,24.991499433772283,3.0,11900.714016082038,3.0,3.0
CTA_507,507,CTA_507_R,Masaken Sheraton,Giza Square-Masaken Sheraton,1,CTA,7400.0,Giza Square,31.034491275595993,3.0,14778.329178855234,5.0,5.0
CTA_507,507,CTA_507_O,Giza Square,Masaken Sheraton-Giza Square,0,CTA,7400.0,Masaken Sheraton,30.78147117137393,3.0,14657.843414939967,5.0,5.0
CTA_521,521,CTA_521_O,Abou Zaabal,New Marg-Abou Zaabal,0,CTA,4458.0,New Marg,12.175267071226244,3.0,5797.74622439345,4.0,4.0
CTA_530,530,CTA_530_O,Qalyoub,Cairo Airport-Qalyoub,0,CTA,7140.0,Cairo Airport,43.80575919497233,4.0,20859.885330939203,7.0,7.0
CTA_530,530,CTA_530_R,Cairo Airport,Qalyoub-Cairo Airport,1,CTA,7140.0,Qalyoub,43.878715362631425,4.0,20894.626363157822,7.0,7.0
CTA_531,531,CTA_531_O,Om Bayoumi,Attaba-Om Bayoumi,0,CTA,14807.0,Attaba,15.494678720317712,3.0,7378.418438246529,2.0,2.0
CTA_531,531,CTA_531_R,Attaba,Om Bayoumi-Attaba,1,CTA,14807.0,Om Bayoumi,13.627963436743432,3.0,6489.506398449253,2.0,2.0
CTA_532,532,CTA_532_R,Abbasseya,Basateen-Abbasseya,1,CTA,3017.0,Basateen,14.969896435841894,3.0,7128.5221123056635,6.0,6.0
CTA_532,532,CTA_532_O,Basateen,Abbasseya-Basateen,0,CTA,3017.0,Abbasseya,15.29024032629872,3.0,7281.06682204701,6.0,6.0
CTA_555,555,CTA_555_R,Koleyet Al Banat (Azhar University),Moneeb-Koleyet Al Banat (Azhar University),1,CTA,8845.0,Moneeb,26.228588108500762,3.0,12489.80386119084,4.0,4.0
CTA_555,555,CTA_555_O,Moneeb,Koleyet Al Banat (Azhar University)-Moneeb,0,CTA,8845.0,Koleyet Al Banat (Azhar University),27.5902212772042,3.0,13138.200608192476,4.0,4.0
CTA_568,568,CTA_568_O,Attaba,Lebanon Square-Attaba,0,CTA,2421.0,Lebanon Square,11.089323596500645,3.0,5280.630284047926,6.0,5.0
CTA_568,568,CTA_568_R,Lebanon Square,Attaba-Lebanon Square,1,CTA,2421.0,Attaba,10.747304152985413,3.0,5117.763882374006,5.0,5.0
CTA_58,58,CTA_58_R,Masaken Ain Shams,Attaba-Masaken Ain Shams,1,CTA,9210.0,Attaba,21.701263303293658,3.0,10333.934906330313,3.0,3.0
CTA_580,580,CTA_580_O,Manshiyat Nasser,Asmarrat-Manshiyat Nasser,0,CTA,2122.0,Asmarrat,19.084389593551887,3.0,9087.80456835804,11.0,11.0
CTA_580,580,CTA_580_R,Asmarrat,Manshiyat Nasser-Asmarrat,1,CTA,2122.0,Manshiyat Nasser,19.20558076159454,3.0,9145.514648378352,11.0,11.0
CTA_59,59,CTA_59_O,8th District (Nasr City),Ahmed Helmy-8th District (Nasr City),0,CTA,6068.0,Ahmed Helmy,21.70071160416189,3.0,10333.672192458043,5.0,4.0
CTA_59,59,CTA_59_R,Ahmed Helmy,8th District (Nasr City)-Ahmed Helmy,1,CTA,6068.0,8th District (Nasr City),21.12597488854653,3.0,10059.988042165014,4.0,4.0
CTA_65x,65x,CTA_65x_O,8th District (Nasr City),Amr Ibn El Aas-8th District (Nasr City),0,CTA,8620.0,Amr Ibn El Aas,27.299516267946142,3.0,12999.769651402925,4.0,4.0
CTA_65x,65x,CTA_65x_R,Amr Ibn El Aas,8th District (Nasr City)-Amr Ibn El Aas,1,CTA,8620.0,8th District (Nasr City),28.17708754444816,3.0,13417.660735451505,4.0,4.0
CTA_69SS,69SS,CTA_69SS_O,8th District (Nasr City),Attaba-8th District (Nasr City),0,CTA,7722.0,Attaba,20.74362744218201,3.0,9877.91782961048,4.0,4.0
CTA_69SS,69SS,CTA_69SS_R,Attaba,8th District (Nasr City)-Attaba,1,CTA,7722.0,8th District (Nasr City),21.398502263438694,3.0,10189.762982589855,4.0,4.0
CTA_7,7,CTA_7_R,Attaba,Omraneyya-Attaba,1,CTA,4625.0,Omraneyya,14.411311143676182,3.0,6862.529116036277,4.0,4.0
CTA_7,7,CTA_7_O,Omraneyya,Attaba-Omraneyya,0,CTA,4625.0,Attaba,15.233266766896167,3.0,7253.936555664841,4.0,4.0
CTA_700-1065,700-1065,CTA_700-1065_O,7th District (Nasr City),Lebanon Square-7th District (Nasr City),0,CTA,7302.0,Lebanon Square,25.79906972370895,3.0,12285.271297004263,4.0,4.0
CTA_700-1065,700-1065,CTA_700-1065_R,Lebanon Square,7th District (Nasr City)-Lebanon Square,1,CTA,7302.0,7th District (Nasr City),24.867814773619624,3.0,11841.816558866489,4.0,4.0
CTA_701-1037,701-1037,CTA_701-1037_R,Matbaa,Abbasseya-Matbaa,1,CTA,9520.0,Abbasseya,22.638915477033674,3.0,10780.435941444606,3.0,3.0
CTA_701-1037,701-1037,CTA_701-1037_O,Abbasseya,Matbaa-Abbasseya,0,CTA,9520.0,Matbaa,23.032054125435266,3.0,10967.64482163584,3.0,3.0
CTA_72,72,CTA_72_O,Ahmed Helmy,Saqr Quraish-Ahmed Helmy,0,CTA,602.0,Saqr Quraish,18.350422058266002,3.0,8738.296218221905,35.0,35.0
CTA_72,72,CTA_72_R,Saqr Quraish,Ahmed Helmy-Saqr Quraish,1,CTA,602.0,Ahmed Helmy,19.186576161336,3.0,9136.464838731428,36.0,35.0
CTA_724,724,CTA_724_R,Abd Al Moneim Riad,Khosous-Abd Al Moneim Riad,1,CTA,4280.0,Khosous,21.487813748985747,3.0,10232.292261421784,6.0,6.0
CTA_724,724,CTA_724_O,Khosous,Abd Al Moneim Riad-Khosous,0,CTA,4280.0,Abd Al Moneim Riad,23.840044566727467,3.0,11352.402174632127,7.0,6.0
CTA_77,77,CTA_77_R,Abou Wafya,Basateen-Abou Wafya,1,CTA,5946.0,Basateen,20.217221306325442,3.0,9627.248241107352,4.0,4.0
CTA_77,77,CTA_77_O,Basateen,Abou Wafya-Basateen,0,CTA,5946.0,Abou Wafya,19.01984559171317,3.0,9057.069329387225,4.0,4.0
CTA_777-1046,777-1046,CTA_777-1046_O,Moneeb,Qism El Hadayek-Moneeb,0,CTA,4815.0,Qism El Hadayek,23.02974314094467,3.0,10966.544352830797,6.0,6.0
CTA_777-1046,777-1046,CTA_777-1046_R,Qism El Hadayek,Moneeb-Qism El Hadayek,1,CTA,4815.0,Moneeb,24.96551776237068,3.0,11888.341791605086,6.0,6.0
CTA_794,794,CTA_794_O,Giza Square,Masaken Sheraton-Giza Square,0,CTA,5698.0,Masaken Sheraton,31.569936336657342,4.0,15033.303017455877,7.0,7.0
CTA_794,794,CTA_794_R,Masaken Sheraton,Giza Square-Masaken Sheraton,1,CTA,5698.0,Giza Square,31.68071957469625,4.0,15086.056940331548,7.0,7.0
CTA_80,80,CTA_80_O,10th District (Nasr City),Darassa-10th District (Nasr City),0,CTA,1016.0,Darassa,19.046928324681307,3.0,9069.96586889586,22.0,21.0
CTA_80,80,CTA_80_R,Darassa,10th District (Nasr City)-Darassa,1,CTA,1016.0,10th District (Nasr City),18.6800717555824,3.0,8895.272264563047,21.0,21.0
CTA_803-1105,803-1105,CTA_803-1105_R,Qism El Hadayek,Omraneyya-Qism El Hadayek,1,CTA,8270.0,Omraneyya,26.713754529547305,3.0,12720.835490260622,4.0,4.0
CTA_803-1105,803-1105,CTA_803-1105_O,Omraneyya,Qism El Hadayek-Omraneyya,0,CTA,8270.0,Qism El Hadayek,23.45717279566418,3.0,11170.08228364961,4.0,4.0
CTA_810,810,CTA_810_O,Omraneyya,Qism El Hadayek-Omraneyya,0,CTA,1329.0,Qism El Hadayek,21.700658522455345,3.0,10333.646915454927,19.0,19.0
CTA_810,810,CTA_810_R,Qism El Hadayek,Omraneyya-Qism El Hadayek,1,CTA,1329.0,Omraneyya,22.910423547058762,3.0,10909.72549859941,20.0,19.0
CTA_811-1090,811-1090,CTA_811-1090_R,Abageyah,Amiriya-Abageyah,1,CTA,5717.0,Amiriya,18.54781413602933,3.0,8832.292445728252,4.0,4.0
CTA_811-1090,811-1090,CTA_811-1090_O,Amiriya,Abageyah-Amiriya,0,CTA,5717.0,Abageyah,19.118530003228482,3.0,9104.061906299277,4.0,4.0
CTA_814,814,CTA_814_R,Amr Ibn El Aas,Bulaq Al Dakrur-Amr Ibn El Aas,1,CTA,4157.0,Bulaq Al Dakrur,11.363191362888458,3.0,5411.043506137361,4.0,4.0
CTA_814,814,CTA_814_O,Bulaq Al Dakrur,Amr Ibn El Aas-Bulaq Al Dakrur,0,CTA,4157.0,Amr Ibn El Aas,12.062677019705887,3.0,5744.13191414566,4.0,4.0
CTA_815,815,CTA_815_R,Darassa,Bashtil-Darassa,1,CTA,3079.0,Bashtil,20.513313718290867,3.0,9768.244627757556,8.0,8.0
CTA_82,82,CTA_82_R,Abd Al Moneim Riad,Masarra-Abd Al Moneim Riad,1,CTA,2325.0,Masarra,5.489504418506533,3.0,2614.0497230983487,3.0,3.0
CTA_82,82,CTA_82_O,Masarra,Abd Al Moneim Riad-Masarra,0,CTA,2325.0,Abd Al Moneim Riad,7.461373397848758,3.0,3553.034951356551,4.0,3.0
CTA_824,824,CTA_824_R,Saqr Quraish,Abou Wafya-Saqr Quraish,1,CTA,9694.0,Abou Wafya,21.5399088562114,3.0,10257.099455338763,3.0,3.0
CTA_824,824,CTA_824_O,Abou Wafya,Saqr Quraish-Abou Wafya,0,CTA,9694.0,Saqr Quraish,21.197111547391653,3.0,10093.862641615073,3.0,3.0
CTA_828,828,CTA_828_R,Abd Al Moneim Riad,Masaken Ain Shams-Abd Al Moneim Riad,1,CTA,25043.0,Masaken Ain Shams,20.55764248523615,3.0,9789.353564398167,1.0,1.0
CTA_828,828,CTA_828_O,Masaken Ain Shams,Abd Al Moneim Riad-Masaken Ain Shams,0,CTA,25043.0,Abd Al Moneim Riad,20.714681064275656,3.0,9864.133840131264,1.0,1.0
CTA_82S,82S,CTA_82S_R,Qalaa,Bulaq Al Dakrur-Qalaa,1,CTA,4520.0,Bulaq Al Dakrur,12.46178561608686,3.0,5934.183626708029,4.0,4.0
CTA_831,831,CTA_831_R,Al Zawya Al Hamra,Masaken Zainhom-Al Zawya Al Hamra,1,CTA,1470.0,Masaken Zainhom,14.060677833357936,3.0,6695.560873027588,11.0,11.0
CTA_831,831,CTA_831_O,Masaken Zainhom,Al Zawya Al Hamra-Masaken Zainhom,0,CTA,1470.0,Al Zawya Al Hamra,13.33099513643382,3.0,6348.092922111343,11.0,11.0
CTA_833,833,CTA_833_O,Mazallat,Motseian-Mazallat,0,CTA,3151.0,Motseian,17.302603544858002,3.0,8239.335021360952,7.0,6.0
CTA_833,833,CTA_833_R,Motseian,Mazallat-Motseian,1,CTA,3151.0,Mazallat,15.287269911295795,3.0,7279.6523387122825,6.0,6.0
CTA_840,840,CTA_840_O,Qism El Hadayek,Al Sayeda Nafeesa-Qism El Hadayek,0,CTA,9427.0,Al Sayeda Nafeesa,18.528923781677893,3.0,8823.297038894234,3.0,2.0
CTA_840,840,CTA_840_R,Al Sayeda Nafeesa,Qism El Hadayek-Al Sayeda Nafeesa,1,CTA,9427.0,Qism El Hadayek,16.32832681817264,3.0,7775.393722939353,2.0,2.0
CTA_855-1070,855-1070,CTA_855-1070_O,Moneeb,8th District (Nasr City)-Moneeb,0,CTA,10728.0,8th District (Nasr City),34.16997298647065,3.0,16271.415707843164,4.0,4.0
CTA_855-1070,855-1070,CTA_855-1070_R,8th District (Nasr City),Moneeb-8th District (Nasr City),1,CTA,10728.0,Moneeb,33.272165258562595,3.0,15843.88821836314,4.0,4.0
CTA_86,86,CTA_86_R,Abageyah,Warraq Al Arab-Abageyah,1,CTA,5848.0,Warraq Al Arab,18.19721872493653,3.0,8665.342249969775,4.0,4.0
CTA_86,86,CTA_86_O,Warraq Al Arab,Abageyah-Warraq Al Arab,0,CTA,5848.0,Abageyah,18.756712150315074,3.0,8931.767690626226,4.0,4.0
CTA_888,888,CTA_888_R,Ahmed Helmy,Moneeb-Ahmed Helmy,1,CTA,6379.0,Moneeb,16.729555961017134,3.0,7966.4552195319675,3.0,3.0
CTA_888,888,CTA_888_O,Moneeb,Ahmed Helmy-Moneeb,0,CTA,6379.0,Ahmed Helmy,14.775096829629975,3.0,7035.760395061892,3.0,3.0
CTA_8S,8S,CTA_8S_O,El Batran Exit,Ahmed Helmy-El Batran Exit,0,CTA,8396.0,Ahmed Helmy,22.90113704943479,3.0,10905.30335687371,4.0,3.0
CTA_8S,8S,CTA_8S_R,Ahmed Helmy,El Batran Exit-Ahmed Helmy,1,CTA,8396.0,El Batran Exit,21.377575321232015,3.0,10179.797772015245,3.0,3.0
CTA_8T,8T,CTA_8T_O,Masarra,Abbasseya-Masarra,0,CTA,600.0,Abbasseya,20.294667194800024,3.0,9664.127235619058,39.0,39.0
CTA_900,900,CTA_900_O,Tagneed (Hadabet Al Haram),Abd Al Moneim Riad-Tagneed (Hadabet Al Haram),0,CTA,6913.0,Abd Al Moneim Riad,21.952851277926154,3.0,10453.73870377436,4.0,4.0
CTA_900,900,CTA_900_R,Abd Al Moneim Riad,Tagneed (Hadabet Al Haram)-Abd Al Moneim Riad,1,CTA,6913.0,Tagneed (Hadabet Al Haram),22.544993251123906,3.0,10735.711071963764,4.0,4.0
CTA_91-1123,91-1123,CTA_91-1123_R,Bulaq Al Dakrur,Qism El Hadayek-Bulaq Al Dakrur,1,CTA,6619.0,Qism El Hadayek,20.681684365877867,3.0,9848.421126608508,4.0,4.0
CTA_91-1123,91-1123,CTA_91-1123_O,Qism El Hadayek,Bulaq Al Dakrur-Qism El Hadayek,0,CTA,6619.0,Bulaq Al Dakrur,19.88892794934812,3.0,9470.91807111815,4.0,4.0
CTA_910,910,CTA_910_O,Imbaba,Matbaa-Imbaba,0,CTA,6283.0,Matbaa,28.385735547537,3.0,13517.01692739857,6.0,5.0
CTA_910,910,CTA_910_R,Matbaa,Imbaba-Matbaa,1,CTA,6283.0,Imbaba,25.93121422337039,3.0,12348.197249223995,5.0,5.0
CTA_912-1048,912-1048,CTA_912-1048_O,Moneeb,7th District (Nasr City)-Moneeb,0,CTA,10208.0,7th District (Nasr City),26.8723760827967,3.0,12796.369563236522,3.0,3.0
CTA_914,914,CTA_914_R,Dawaran Shubra,Abbasseya-Dawaran Shubra,1,CTA,8214.0,Abbasseya,18.882732766976076,3.0,8991.777508083846,3.0,3.0
CTA_914,914,CTA_914_O,Abbasseya,Dawaran Shubra-Abbasseya,0,CTA,8214.0,Dawaran Shubra,15.146212800184786,3.0,7212.482285802279,3.0,3.0
CTA_915,915,CTA_915_R,Darassa,Moassasa-Darassa,1,CTA,4261.0,Moassasa,20.788608639942943,3.0,9899.337447591877,6.0,6.0
CTA_915,915,CTA_915_O,Moassasa,Darassa-Moassasa,0,CTA,4261.0,Darassa,19.52652191972384,3.0,9298.343771297066,6.0,6.0
CTA_916,916,CTA_916_R,Amiriya,Moneeb-Amiriya,1,CTA,3844.0,Moneeb,26.53608909295755,3.0,12636.232901408357,8.0,8.0
CTA_916,916,CTA_916_O,Moneeb,Amiriya-Moneeb,0,CTA,3844.0,Amiriya,27.30427964744465,3.0,13002.037927354593,8.0,8.0
CTA_917,917,CTA_917_O,Attaba,Qalyoub-Attaba,0,CTA,1017.0,Qalyoub,20.48643848347165,3.0,9755.446896891262,23.0,23.0
CTA_917,917,CTA_917_R,Qalyoub,Attaba-Qalyoub,1,CTA,1017.0,Attaba,21.652192377177332,3.0,10310.567798655873,24.0,23.0
CTA_92-1050,92-1050,CTA_92-1050_R,Hegaz Square,Imbaba-Hegaz Square,1,CTA,5233.0,Imbaba,24.937137262069015,3.0,11874.827267651912,6.0,6.0
CTA_92-1050,92-1050,CTA_92-1050_O,Imbaba,Hegaz Square-Imbaba,0,CTA,5233.0,Hegaz Square,26.897193136629294,3.0,12808.187207918712,6.0,6.0
CTA_921-1133,921-1133,CTA_921-1133_R,Masaken Al Wehda,Bulaq Al Dakrur-Masaken Al Wehda,1,CTA,6197.0,Bulaq Al Dakrur,17.760258533183944,3.0,8457.26596818283,4.0,4.0
CTA_921-1133,921-1133,CTA_921-1133_O,Bulaq Al Dakrur,Masaken Al Wehda-Bulaq Al Dakrur,0,CTA,6197.0,Masaken Al Wehda,17.75376798871841,3.0,8454.175232723052,4.0,4.0
CTA_922,922,CTA_922_R,Saqr Quraish,Abbasseya-Saqr Quraish,1,CTA,12641.0,Abbasseya,19.041342647017704,3.0,9067.306022389383,2.0,2.0
CTA_922,922,CTA_922_O,Abbasseya,Saqr Quraish-Abbasseya,0,CTA,12641.0,Saqr Quraish,19.327339743551708,3.0,9203.495115977003,2.0,2.0
CTA_925,925,CTA_925_R,Dawaran Shubra,Cairo Airport-Dawaran Shubra,1,CTA,1916.0,Cairo Airport,28.722430517952514,3.0,13677.347865691672,17.0,17.0
CTA_925,925,CTA_925_O,Cairo Airport,Dawaran Shubra-Cairo Airport,0,CTA,1916.0,Dawaran Shubra,28.723167449626335,3.0,13677.698785536348,17.0,17.0
CTA_926-1126,926-1126,CTA_926-1126_R,Al Toub Al Ramly,Bulaq Al Dakrur-Al Toub Al Ramly,1,CTA,6453.0,Bulaq Al Dakrur,28.694603369278394,3.0,13664.09684251352,6.0,6.0
CTA_926-1126,926-1126,CTA_926-1126_O,Bulaq Al Dakrur,Al Toub Al Ramly-Bulaq Al Dakrur,0,CTA,6453.0,Al Toub Al Ramly,29.189728133134523,3.0,13899.870539587868,6.0,6.0
CTA_934-1071,934-1071,CTA_934-1071_R,Masaken Al Wehda,Al Magzar (Mariouteya)-Masaken Al Wehda,1,CTA,7351.0,Al Magzar (Mariouteya),28.43259984929944,3.0,13539.33326157116,5.0,5.0
CTA_934-1071,934-1071,CTA_934-1071_O,Al Magzar (Mariouteya),Masaken Al Wehda-Al Magzar (Mariouteya),0,CTA,7351.0,Masaken Al Wehda,28.962852807108263,3.0,13791.834670051552,5.0,5.0
CTA_940S,940S,CTA_940S_O,Salam Alexandria,Abd Al Moneim Riad-Salam Alexandria,0,CTA,5494.0,Abd Al Moneim Riad,28.501782823340626,4.0,13572.277534924107,6.0,6.0
CTA_940S,940S,CTA_940S_R,Abd Al Moneim Riad,Salam Alexandria-Abd Al Moneim Riad,1,CTA,5494.0,Salam Alexandria,36.199998328240795,4.0,17238.094442019425,8.0,6.0
CTA_945-1082,945-1082,CTA_945-1082_R,Amr Ibn El Aas,Masaken Ain Shams-Amr Ibn El Aas,1,CTA,1935.0,Masaken Ain Shams,31.053782388550548,3.0,14787.515423119308,19.0,18.0
CTA_945-1082,945-1082,CTA_945-1082_O,Masaken Ain Shams,Amr Ibn El Aas-Masaken Ain Shams,0,CTA,1935.0,Amr Ibn El Aas,30.0011262115067,5.0,14286.250576907953,18.0,18.0
CTA_948,948,CTA_948_R,Cairo Airport,Attaba-Cairo Airport,1,CTA,5578.0,Attaba,26.63728148012633,3.0,12684.419752441108,6.0,6.0
CTA_96,96,CTA_96_O,Athar Al Naby,Bulaq Al Dakrur-Athar Al Naby,0,CTA,3468.0,Bulaq Al Dakrur,12.479905398486768,3.0,5942.812094517508,5.0,4.0
CTA_96,96,CTA_96_R,Bulaq Al Dakrur,Athar Al Naby-Bulaq Al Dakrur,1,CTA,3468.0,Athar Al Naby,12.293777833551482,3.0,5854.179920738801,4.0,4.0
CTA_966,966,CTA_966_O,Moassasa,Motseian-Moassasa,0,CTA,2949.0,Motseian,20.530685654026374,3.0,9776.516978107798,8.0,8.0
CTA_966,966,CTA_966_R,Motseian,Moassasa-Motseian,1,CTA,2949.0,Moassasa,19.55968407674596,3.0,9314.135274640932,8.0,8.0
CTA_970-1051,970-1051,CTA_970-1051_O,Moassasa,Cairo Airport-Moassasa,0,CTA,7733.0,Cairo Airport,28.837291784541396,3.0,13732.043706924474,5.0,5.0
CTA_970-1051,970-1051,CTA_970-1051_R,Cairo Airport,Moassasa-Cairo Airport,1,CTA,7733.0,Moassasa,28.884772337282186,3.0,13754.653493943897,5.0,5.0
CTA_975,975,CTA_975_O,Moassasa,Hegaz Square-Moassasa,0,CTA,2397.0,Hegaz Square,20.434717219259355,3.0,9730.817723456834,10.0,10.0
CTA_975,975,CTA_975_R,Hegaz Square,Moassasa-Hegaz Square,1,CTA,2397.0,Moassasa,21.800160807492077,3.0,10381.028955948608,11.0,10.0
CTA_977-1084,977-1084,CTA_977-1084_R,Lebanon Square,Saqr Quraish-Lebanon Square,1,CTA,5409.0,Saqr Quraish,22.649430748646502,3.0,10785.44321364119,5.0,5.0
CTA_977-1084,977-1084,CTA_977-1084_O,Saqr Quraish,Lebanon Square-Saqr Quraish,0,CTA,5409.0,Lebanon Square,22.348284982832492,3.0,10642.040468015472,5.0,5.0
CTA_982,982,CTA_982_R,Ahmed Helmy,Hawamdeyya-Ahmed Helmy,1,CTA,8541.0,Hawamdeyya,28.969106982584638,3.0,13794.812848849828,4.0,4.0
CTA_982,982,CTA_982_O,Hawamdeyya,Ahmed Helmy-Hawamdeyya,0,CTA,8541.0,Ahmed Helmy,29.116768936294307,3.0,13865.12806490205,4.0,4.0
CTA_987,987,CTA_987_O,Badrasheen,Ahmed Helmy-Badrasheen,0,CTA,5224.0,Ahmed Helmy,34.20835297200511,5.0,16289.691891431003,8.0,8.0
CTA_987,987,CTA_987_R,Ahmed Helmy,Badrasheen-Ahmed Helmy,1,CTA,5224.0,Badrasheen,34.08475695420397,5.0,16230.836644859033,8.0,8.0
CTA_990,990,CTA_990_O,Masaken Ain Shams,Motseian-Masaken Ain Shams,0,CTA,7713.0,Motseian,35.09279766080761,4.0,16710.856028956005,6.0,5.0
CTA_990,990,CTA_990_R,Motseian,Masaken Ain Shams-Motseian,1,CTA,7713.0,Masaken Ain Shams,33.772780620465504,4.0,16082.276485935954,5.0,5.0
CTA_992,992,CTA_992_O,Om Bayoumi,Attaba-Om Bayoumi,0,CTA,10226.0,Attaba,14.210378821381195,3.0,6766.847057800569,2.0,2.0
CTA_996-1134,996-1134,CTA_996-1134_R,Abbasseya,Moneeb-Abbasseya,1,CTA,1347.0,Moneeb,20.682556690187727,3.0,9848.836519137012,18.0,17.0
CTA_996-1134,996-1134,CTA_996-1134_O,Moneeb,Abbasseya-Moneeb,0,CTA,1347.0,Abbasseya,19.37116177579068,3.0,9224.362750376513,17.0,17.0
CTA_999-1055,999-1055,CTA_999-1055_R,Ahmed Helmy,New Marg-Ahmed Helmy,1,CTA,6717.0,New Marg,27.799804793828816,3.0,13238.002282775626,5.0,5.0
CTA_999-1055,999-1055,CTA_999-1055_O,New Marg,Ahmed Helmy-New Marg,0,CTA,6717.0,Ahmed Helmy,25.03845821979703,3.0,11923.07534276049,5.0,5.0
CTA_99SS,99SS,CTA_99SS_O,Imbaba,Al Sayeda Aisha-Imbaba,0,CTA,1225.0,Al Sayeda Aisha,16.266780554023942,3.0,7746.085978106639,15.0,14.0
CTA_99SS,99SS,CTA_99SS_R,Al Sayeda Aisha,Imbaba-Al Sayeda Aisha,1,CTA,1225.0,Imbaba,15.009295388338213,3.0,7147.283518256291,14.0,14.0
